Sex,Age,Family,Class,Fare,Cabin,Port,Survived
female,29,0,1,211.3375,B5,Southampton,Yes
male,0.9167,3,1,151.55,C22 C26,Southampton,Yes
female,2,3,1,151.55,C22 C26,Southampton,No
male,30,3,1,151.55,C22 C26,Southampton,No
female,25,3,1,151.55,C22 C26,Southampton,No
male,48,0,1,26.55,E12,Southampton,Yes
female,63,1,1,77.9583,D7,Southampton,Yes
male,39,0,1,0,A36,Southampton,No
female,53,2,1,51.4792,C101,Southampton,Yes
male,71,0,1,49.5042,,Cherbourg,No
male,47,1,1,227.525,C62 C64,Cherbourg,No
female,18,1,1,227.525,C62 C64,Cherbourg,Yes
female,24,0,1,69.3,B35,Cherbourg,Yes
female,26,0,1,78.85,,Southampton,Yes
male,80,0,1,30,A23,Southampton,Yes
male,,0,1,25.925,,Southampton,No
male,24,1,1,247.5208,B58 B60,Cherbourg,No
female,50,1,1,247.5208,B58 B60,Cherbourg,Yes
female,32,0,1,76.2917,D15,Cherbourg,Yes
male,36,0,1,75.2417,C6,Cherbourg,No
male,37,2,1,52.5542,D35,Southampton,Yes
female,47,2,1,52.5542,D35,Southampton,Yes
male,26,0,1,30,C148,Cherbourg,Yes
female,42,0,1,227.525,,Cherbourg,Yes
female,29,0,1,221.7792,C97,Southampton,Yes
male,25,0,1,26,,Cherbourg,No
male,25,1,1,91.0792,B49,Cherbourg,Yes
female,19,1,1,91.0792,B49,Cherbourg,Yes
female,35,0,1,135.6333,C99,Southampton,Yes
male,28,0,1,26.55,C52,Southampton,Yes
male,45,0,1,35.5,T,Southampton,No
male,40,0,1,31,A31,Cherbourg,Yes
female,30,0,1,164.8667,C7,Southampton,Yes
female,58,0,1,26.55,C103,Southampton,Yes
male,42,0,1,26.55,D22,Southampton,No
female,45,0,1,262.375,,Cherbourg,Yes
female,22,1,1,55,E33,Southampton,Yes
male,,0,1,26.55,,Southampton,Yes
male,41,0,1,30.5,A21,Southampton,No
male,48,0,1,50.4958,B10,Cherbourg,No
male,,0,1,39.6,,Cherbourg,No
female,44,0,1,27.7208,B4,Cherbourg,Yes
female,59,2,1,51.4792,C101,Southampton,Yes
female,60,0,1,76.2917,D15,Cherbourg,Yes
female,41,0,1,134.5,E40,Cherbourg,Yes
male,45,0,1,26.55,B38,Southampton,No
male,,0,1,31,,Southampton,No
male,42,0,1,26.2875,E24,Southampton,Yes
female,53,0,1,27.4458,,Cherbourg,Yes
male,36,1,1,512.3292,B51 B53 B55,Cherbourg,Yes
female,58,1,1,512.3292,B51 B53 B55,Cherbourg,Yes
male,33,0,1,5,B51 B53 B55,Southampton,No
male,28,0,1,47.1,,Southampton,No
male,17,0,1,47.1,,Southampton,No
male,11,3,1,120,B96 B98,Southampton,Yes
female,14,3,1,120,B96 B98,Southampton,Yes
male,36,3,1,120,B96 B98,Southampton,Yes
female,36,3,1,120,B96 B98,Southampton,Yes
male,49,0,1,26,,Southampton,No
female,,0,1,27.7208,,Cherbourg,Yes
male,36,1,1,78.85,C46,Southampton,No
female,76,1,1,78.85,C46,Southampton,Yes
male,46,1,1,61.175,E31,Southampton,No
female,47,1,1,61.175,E31,Southampton,Yes
male,27,1,1,53.1,E8,Southampton,Yes
female,33,1,1,53.1,E8,Southampton,Yes
female,36,0,1,262.375,B61,Cherbourg,Yes
female,30,0,1,86.5,B77,Southampton,Yes
male,45,0,1,29.7,A9,Cherbourg,Yes
female,,1,1,55,E33,Southampton,Yes
male,,0,1,0,,Southampton,No
male,27,1,1,136.7792,C89,Cherbourg,No
female,26,1,1,136.7792,C89,Cherbourg,Yes
female,22,0,1,151.55,,Southampton,Yes
male,,0,1,52,A14,Southampton,No
male,47,0,1,25.5875,E58,Southampton,No
female,39,2,1,83.1583,E49,Cherbourg,Yes
male,37,2,1,83.1583,E52,Cherbourg,No
female,64,2,1,83.1583,E45,Cherbourg,Yes
female,55,2,1,25.7,C101,Southampton,Yes
male,,0,1,26.55,,Southampton,No
male,70,2,1,71,B22,Southampton,No
female,36,2,1,71,B22,Southampton,Yes
female,64,2,1,26.55,B26,Southampton,Yes
male,39,1,1,71.2833,C85,Cherbourg,No
female,38,1,1,71.2833,C85,Cherbourg,Yes
male,51,0,1,26.55,E17,Southampton,Yes
male,27,0,1,30.5,,Southampton,Yes
female,33,0,1,151.55,,Southampton,Yes
male,31,1,1,52,B71,Southampton,No
female,27,3,1,52,B71,Southampton,Yes
male,31,1,1,57,B20,Southampton,Yes
female,17,1,1,57,B20,Southampton,Yes
male,53,2,1,81.8583,A34,Southampton,Yes
male,4,2,1,81.8583,A34,Southampton,Yes
female,54,2,1,81.8583,A34,Southampton,Yes
male,50,1,1,106.425,C86,Cherbourg,No
female,27,2,1,247.5208,B58 B60,Cherbourg,Yes
female,48,1,1,106.425,C86,Cherbourg,Yes
female,48,1,1,39.6,A16,Cherbourg,Yes
male,49,1,1,56.9292,A20,Cherbourg,Yes
male,39,0,1,29.7,A18,Cherbourg,No
female,23,1,1,83.1583,C54,Cherbourg,Yes
female,38,0,1,227.525,C45,Cherbourg,Yes
female,54,1,1,78.2667,D20,Cherbourg,Yes
female,36,0,1,31.6792,A29,Cherbourg,No
male,,0,1,221.7792,C95,Southampton,No
female,,0,1,31.6833,,Southampton,Yes
female,,0,1,110.8833,,Cherbourg,Yes
male,36,0,1,26.3875,E25,Southampton,Yes
male,30,0,1,27.75,C111,Cherbourg,No
female,24,5,1,263,C23 C25 C27,Southampton,Yes
female,28,5,1,263,C23 C25 C27,Southampton,Yes
female,23,5,1,263,C23 C25 C27,Southampton,Yes
male,19,5,1,263,C23 C25 C27,Southampton,No
male,64,5,1,263,C23 C25 C27,Southampton,No
female,60,5,1,263,C23 C25 C27,Southampton,Yes
female,30,0,1,56.9292,E36,Cherbourg,Yes
male,,0,1,26.55,D34,Southampton,No
male,50,2,1,133.65,,Southampton,Yes
male,43,1,1,27.7208,D40,Cherbourg,Yes
female,,1,1,133.65,,Southampton,Yes
female,22,2,1,49.5,B39,Cherbourg,Yes
male,60,2,1,79.2,B41,Cherbourg,Yes
female,48,2,1,79.2,B41,Cherbourg,Yes
male,,0,1,0,B102,Southampton,No
male,37,1,1,53.1,C123,Southampton,No
female,35,1,1,53.1,C123,Southampton,Yes
male,47,0,1,38.5,E63,Southampton,No
female,35,0,1,211.5,C130,Cherbourg,Yes
female,22,1,1,59.4,,Cherbourg,Yes
female,45,1,1,59.4,,Cherbourg,Yes
male,24,0,1,79.2,B86,Cherbourg,No
male,49,1,1,89.1042,C92,Cherbourg,Yes
female,,1,1,89.1042,C92,Cherbourg,Yes
male,71,0,1,34.6542,A5,Cherbourg,No
male,53,0,1,28.5,C51,Cherbourg,Yes
female,19,0,1,30,B42,Southampton,Yes
male,38,1,1,153.4625,C91,Southampton,No
female,58,1,1,153.4625,C125,Southampton,Yes
male,23,1,1,63.3583,D10 D12,Cherbourg,Yes
female,45,1,1,63.3583,D10 D12,Cherbourg,Yes
male,46,0,1,79.2,B82 B84,Cherbourg,No
male,25,1,1,55.4417,E50,Cherbourg,Yes
female,25,1,1,55.4417,E50,Cherbourg,Yes
male,48,1,1,76.7292,D33,Cherbourg,Yes
female,49,1,1,76.7292,D33,Cherbourg,Yes
male,,0,1,42.4,,Southampton,No
male,45,1,1,83.475,C83,Southampton,No
female,35,1,1,83.475,C83,Southampton,Yes
male,40,0,1,0,B94,Southampton,No
male,27,0,1,76.7292,D49,Cherbourg,Yes
male,,0,1,30,D45,Southampton,Yes
female,24,0,1,83.1583,C54,Cherbourg,Yes
male,55,2,1,93.5,B69,Southampton,No
female,52,2,1,93.5,B69,Southampton,Yes
male,42,0,1,42.5,B11,Southampton,No
male,,0,1,51.8625,E46,Southampton,No
male,55,0,1,50,C39,Southampton,No
female,16,1,1,57.9792,B18,Cherbourg,Yes
female,44,1,1,57.9792,B18,Cherbourg,Yes
female,51,1,1,77.9583,D11,Southampton,Yes
male,42,1,1,52,,Southampton,No
female,35,1,1,52,,Southampton,Yes
male,35,0,1,26.55,,Cherbourg,Yes
male,38,1,1,90,C93,Southampton,Yes
male,,0,1,30.6958,,Cherbourg,No
female,35,1,1,90,C93,Southampton,Yes
female,38,0,1,80,B28,,Yes
female,50,0,1,28.7125,C49,Cherbourg,No
male,49,0,1,0,B52 B54 B56,Southampton,Yes
male,46,0,1,26,,Southampton,No
male,50,0,1,26,E60,Southampton,No
male,32.5,0,1,211.5,C132,Cherbourg,No
male,58,0,1,29.7,B37,Cherbourg,No
male,41,1,1,51.8625,D21,Southampton,No
female,,1,1,51.8625,D21,Southampton,Yes
male,42,1,1,52.5542,D19,Southampton,Yes
female,45,1,1,52.5542,D19,Southampton,Yes
male,,0,1,26.55,C124,Southampton,No
female,39,0,1,211.3375,,Southampton,Yes
female,49,0,1,25.9292,D17,Southampton,Yes
female,30,0,1,106.425,,Cherbourg,Yes
male,35,0,1,512.3292,B101,Cherbourg,Yes
male,,0,1,27.7208,,Cherbourg,No
male,42,0,1,26.55,,Southampton,No
female,55,0,1,27.7208,,Cherbourg,Yes
female,16,1,1,39.4,D28,Southampton,Yes
female,51,1,1,39.4,D28,Southampton,Yes
male,29,0,1,30,D6,Southampton,No
female,21,0,1,77.9583,D9,Southampton,Yes
male,30,0,1,45.5,,Southampton,No
female,58,0,1,146.5208,B80,Cherbourg,Yes
female,15,1,1,211.3375,B5,Southampton,Yes
male,30,0,1,26,C106,Southampton,No
female,16,0,1,86.5,B79,Southampton,Yes
male,,0,1,29.7,C47,Cherbourg,Yes
male,19,1,1,53.1,D30,Southampton,No
female,18,1,1,53.1,D30,Southampton,Yes
female,24,0,1,49.5042,C90,Cherbourg,Yes
male,46,0,1,75.2417,C6,Cherbourg,No
male,54,0,1,51.8625,E46,Southampton,No
male,36,0,1,26.2875,E25,Southampton,Yes
male,28,1,1,82.1708,,Cherbourg,No
female,,1,1,82.1708,,Cherbourg,Yes
male,65,0,1,26.55,E38,Southampton,No
male,44,2,1,90,C78,Queenstown,No
female,33,1,1,90,C78,Queenstown,Yes
female,37,1,1,90,C78,Queenstown,Yes
male,30,1,1,57.75,C78,Cherbourg,Yes
male,55,0,1,30.5,C30,Southampton,No
male,47,0,1,42.4,,Southampton,No
male,37,1,1,29.7,C118,Cherbourg,No
female,31,1,1,113.275,D36,Cherbourg,Yes
female,23,1,1,113.275,D36,Cherbourg,Yes
male,58,2,1,113.275,D48,Cherbourg,No
female,19,2,1,26.2833,D47,Southampton,Yes
male,64,0,1,26,,Southampton,No
female,39,0,1,108.9,C105,Cherbourg,Yes
male,,0,1,25.7417,,Cherbourg,Yes
female,22,1,1,61.9792,B36,Cherbourg,Yes
male,65,1,1,61.9792,B30,Cherbourg,No
male,28.5,0,1,27.7208,D43,Cherbourg,No
male,,0,1,0,,Southampton,No
male,45.5,0,1,28.5,C124,Southampton,No
male,23,0,1,93.5,B24,Southampton,No
male,29,1,1,66.6,C2,Southampton,No
female,22,1,1,66.6,C2,Southampton,Yes
male,18,1,1,108.9,C65,Cherbourg,No
female,17,1,1,108.9,C65,Cherbourg,Yes
female,30,0,1,93.5,B73,Southampton,Yes
male,52,0,1,30.5,C104,Southampton,Yes
male,47,0,1,52,C110,Southampton,No
female,56,1,1,83.1583,C50,Cherbourg,Yes
male,38,0,1,0,,Southampton,No
male,,0,1,39.6,,Southampton,Yes
male,22,0,1,135.6333,,Cherbourg,No
male,,0,1,227.525,,Cherbourg,No
female,43,1,1,211.3375,B3,Southampton,Yes
male,31,0,1,50.4958,A24,Southampton,No
male,45,0,1,26.55,,Southampton,Yes
male,,0,1,50,A32,Southampton,No
female,33,0,1,27.7208,A11,Cherbourg,Yes
male,46,0,1,79.2,,Cherbourg,No
male,36,0,1,40.125,A10,Cherbourg,No
female,33,0,1,86.5,B77,Southampton,Yes
male,55,1,1,59.4,,Cherbourg,No
female,54,1,1,59.4,,Cherbourg,Yes
male,33,0,1,26.55,,Southampton,No
male,13,4,1,262.375,B57 B59 B63 B66,Cherbourg,Yes
female,18,4,1,262.375,B57 B59 B63 B66,Cherbourg,Yes
female,21,4,1,262.375,B57 B59 B63 B66,Cherbourg,Yes
male,61,4,1,262.375,B57 B59 B63 B66,Cherbourg,No
female,48,4,1,262.375,B57 B59 B63 B66,Cherbourg,Yes
male,,0,1,30.5,C106,Southampton,Yes
female,24,0,1,69.3,B35,Cherbourg,Yes
male,,0,1,26,,Southampton,Yes
female,35,1,1,57.75,C28,Cherbourg,Yes
female,30,0,1,31,,Cherbourg,Yes
male,34,0,1,26.55,,Southampton,Yes
female,40,0,1,153.4625,C125,Southampton,Yes
male,35,0,1,26.2875,E24,Southampton,Yes
male,50,1,1,55.9,E44,Southampton,No
female,39,1,1,55.9,E44,Southampton,Yes
male,56,0,1,35.5,A26,Cherbourg,Yes
male,28,0,1,35.5,A6,Southampton,Yes
male,56,0,1,26.55,,Southampton,No
male,56,0,1,30.6958,A7,Cherbourg,No
male,24,1,1,60,C31,Southampton,No
male,,0,1,26,A19,Southampton,No
female,18,1,1,60,C31,Southampton,Yes
male,24,1,1,82.2667,B45,Southampton,Yes
female,23,1,1,82.2667,B45,Southampton,Yes
male,6,2,1,134.5,E34,Cherbourg,Yes
male,45,2,1,134.5,E34,Cherbourg,Yes
female,40,2,1,134.5,E34,Cherbourg,Yes
male,57,1,1,146.5208,B78,Cherbourg,No
female,,1,1,146.5208,B78,Cherbourg,Yes
male,32,0,1,30.5,B50,Cherbourg,Yes
male,62,0,1,26.55,C87,Southampton,No
male,54,1,1,55.4417,C116,Cherbourg,Yes
female,43,1,1,55.4417,C116,Cherbourg,Yes
female,52,1,1,78.2667,D20,Cherbourg,Yes
male,,0,1,27.7208,,Cherbourg,No
female,62,0,1,80,B28,,Yes
male,67,1,1,221.7792,C55 C57,Southampton,No
female,63,1,1,221.7792,C55 C57,Southampton,No
male,61,0,1,32.3208,D50,Southampton,No
female,48,0,1,25.9292,D17,Southampton,Yes
female,18,2,1,79.65,E68,Southampton,Yes
male,52,2,1,79.65,E67,Southampton,No
female,39,2,1,79.65,E67,Southampton,Yes
male,48,1,1,52,C126,Southampton,Yes
female,,1,1,52,C126,Southampton,Yes
male,49,2,1,110.8833,C68,Cherbourg,No
male,17,2,1,110.8833,C70,Cherbourg,Yes
female,39,2,1,110.8833,C68,Cherbourg,Yes
female,,0,1,79.2,,Cherbourg,Yes
male,31,0,1,28.5375,C53,Cherbourg,Yes
male,40,0,1,27.7208,,Cherbourg,No
male,61,0,1,33.5,B19,Southampton,No
male,47,0,1,34.0208,D46,Southampton,No
female,35,0,1,512.3292,,Cherbourg,Yes
male,64,1,1,75.25,D37,Cherbourg,No
female,60,1,1,75.25,D37,Cherbourg,Yes
male,60,0,1,26.55,,Southampton,No
male,54,1,1,77.2875,D26,Southampton,No
male,21,1,1,77.2875,D26,Southampton,No
female,55,0,1,135.6333,C32,Cherbourg,Yes
female,31,2,1,164.8667,C7,Southampton,Yes
male,57,2,1,164.8667,,Southampton,No
female,45,2,1,164.8667,,Southampton,Yes
male,50,2,1,211.5,C80,Cherbourg,No
male,27,2,1,211.5,C82,Cherbourg,No
female,50,2,1,211.5,C80,Cherbourg,Yes
female,21,0,1,26.55,,Southampton,Yes
male,51,1,1,61.3792,,Cherbourg,No
male,21,1,1,61.3792,,Cherbourg,Yes
male,,0,1,35,C128,Southampton,No
female,31,0,1,134.5,E39 E41,Cherbourg,Yes
male,,0,1,35.5,C52,Southampton,Yes
male,62,0,1,26.55,,Southampton,No
female,36,0,1,135.6333,C32,Cherbourg,Yes
male,30,1,2,24,,Cherbourg,No
female,28,1,2,24,,Cherbourg,Yes
male,30,0,2,13,,Southampton,No
male,18,0,2,11.5,,Southampton,No
male,25,0,2,10.5,,Southampton,No
male,34,1,2,26,,Southampton,No
female,36,1,2,26,,Southampton,Yes
male,57,0,2,13,,Southampton,No
male,18,0,2,11.5,,Southampton,No
male,23,0,2,10.5,,Southampton,No
female,36,0,2,13,D,Southampton,Yes
male,28,0,2,10.5,,Southampton,No
male,51,0,2,12.525,,Southampton,No
male,32,1,2,26,,Southampton,Yes
female,19,1,2,26,,Southampton,Yes
male,28,0,2,26,,Southampton,No
male,1,3,2,39,F4,Southampton,Yes
female,4,3,2,39,F4,Southampton,Yes
female,12,3,2,39,F4,Southampton,Yes
female,36,3,2,39,F4,Southampton,Yes
male,34,0,2,13,D56,Southampton,Yes
female,19,0,2,13,,Southampton,Yes
male,23,0,2,13,,Southampton,No
male,26,0,2,13,,Southampton,No
male,42,0,2,13,,Southampton,No
male,27,0,2,13,,Southampton,No
female,24,0,2,13,F33,Southampton,Yes
female,15,2,2,39,,Southampton,Yes
male,60,2,2,39,,Southampton,No
female,40,2,2,39,,Southampton,Yes
female,20,1,2,26,,Southampton,Yes
male,25,1,2,26,,Southampton,No
female,36,0,2,13,,Southampton,Yes
male,25,0,2,13,,Southampton,No
male,42,0,2,13,,Southampton,No
female,42,0,2,13,,Southampton,Yes
male,0.8333,2,2,29,,Southampton,Yes
male,26,2,2,29,,Southampton,Yes
female,22,2,2,29,,Southampton,Yes
female,35,0,2,21,,Southampton,Yes
male,,0,2,0,,Southampton,No
male,19,0,2,13,,Southampton,No
female,44,1,2,26,,Southampton,No
male,54,1,2,26,,Southampton,No
male,52,0,2,13.5,,Southampton,No
male,37,1,2,26,,Southampton,No
female,29,1,2,26,,Southampton,No
female,25,2,2,30,,Southampton,Yes
female,45,2,2,30,,Southampton,Yes
male,29,1,2,26,,Southampton,No
female,28,1,2,26,,Southampton,Yes
male,29,0,2,10.5,,Southampton,No
male,28,0,2,13,,Southampton,No
male,24,0,2,10.5,,Southampton,Yes
female,8,2,2,26.25,,Southampton,Yes
male,31,2,2,26.25,,Southampton,No
female,31,2,2,26.25,,Southampton,Yes
female,22,0,2,10.5,F33,Southampton,Yes
female,30,0,2,13,,Southampton,No
female,,0,2,21,,Southampton,No
male,21,0,2,11.5,,Southampton,No
male,,0,2,0,,Southampton,No
male,8,2,2,36.75,,Southampton,Yes
male,18,0,2,73.5,,Southampton,No
female,48,2,2,36.75,,Southampton,Yes
female,28,0,2,13,,Southampton,Yes
male,32,0,2,13,,Southampton,No
male,17,0,2,73.5,,Southampton,No
male,29,1,2,27.7208,,Cherbourg,No
female,24,1,2,27.7208,,Cherbourg,Yes
male,25,0,2,31.5,,Southampton,No
male,18,0,2,73.5,,Southampton,No
female,18,1,2,23,,Southampton,Yes
female,34,1,2,23,,Southampton,Yes
male,54,0,2,26,,Southampton,No
male,8,2,2,32.5,,Southampton,Yes
male,42,2,2,32.5,,Southampton,No
female,34,2,2,32.5,,Southampton,Yes
female,27,1,2,13.8583,,Cherbourg,Yes
female,30,1,2,13.8583,,Cherbourg,Yes
male,23,0,2,13,,Southampton,No
male,21,0,2,13,,Southampton,No
male,18,0,2,13,,Southampton,No
male,40,1,2,26,,Southampton,No
female,29,1,2,26,,Southampton,Yes
male,18,0,2,10.5,,Southampton,No
male,36,0,2,13,,Southampton,No
male,,0,2,0,,Southampton,No
female,38,0,2,13,,Southampton,No
male,35,0,2,26,,Southampton,No
male,38,1,2,21,,Southampton,No
male,34,1,2,21,,Southampton,No
female,34,0,2,13,,Southampton,Yes
male,16,0,2,26,,Southampton,No
male,26,0,2,10.5,,Southampton,No
male,47,0,2,10.5,,Southampton,No
male,21,1,2,11.5,,Southampton,No
male,21,1,2,11.5,,Southampton,No
male,24,0,2,13.5,,Southampton,No
male,24,0,2,13,,Southampton,No
male,34,0,2,13,,Southampton,No
male,30,0,2,13,,Southampton,No
male,52,0,2,13,,Southampton,No
male,30,0,2,13,,Southampton,No
male,0.6667,2,2,14.5,,Southampton,Yes
female,24,2,2,14.5,,Southampton,Yes
male,44,0,2,13,,Southampton,No
female,6,1,2,33,,Southampton,Yes
male,28,1,2,33,,Southampton,No
male,62,0,2,10.5,,Southampton,Yes
male,30,0,2,10.5,,Southampton,No
female,7,2,2,26.25,,Southampton,Yes
male,43,2,2,26.25,,Southampton,No
female,45,2,2,26.25,,Southampton,Yes
female,24,3,2,65,,Southampton,Yes
female,24,3,2,65,,Southampton,Yes
male,49,3,2,65,,Southampton,No
female,48,3,2,65,,Southampton,Yes
female,55,0,2,16,,Southampton,Yes
male,24,2,2,73.5,,Southampton,No
male,32,2,2,73.5,,Southampton,No
male,21,2,2,73.5,,Southampton,No
female,18,2,2,13,,Southampton,No
female,20,3,2,23,,Southampton,Yes
male,23,3,2,11.5,,Southampton,No
male,36,0,2,13,,Southampton,No
female,54,4,2,23,,Southampton,Yes
male,50,0,2,13,,Southampton,No
male,44,1,2,26,,Southampton,No
female,29,1,2,26,,Southampton,Yes
male,21,0,2,73.5,,Southampton,No
male,42,0,2,13,,Southampton,Yes
male,63,1,2,26,,Southampton,No
female,60,1,2,26,,Southampton,No
male,33,0,2,12.275,,Southampton,No
female,17,0,2,10.5,,Southampton,Yes
male,42,1,2,27,,Southampton,No
female,24,3,2,27,,Southampton,Yes
male,47,0,2,15,,Southampton,No
male,24,2,2,31.5,,Southampton,No
male,22,2,2,31.5,,Southampton,No
male,32,0,2,10.5,,Southampton,No
female,23,0,2,13.7917,D,Cherbourg,Yes
male,34,1,2,26,,Southampton,No
female,24,1,2,26,,Southampton,Yes
female,22,0,2,21,,Southampton,No
female,,0,2,12.35,E101,Queenstown,Yes
male,35,0,2,12.35,,Queenstown,No
female,45,0,2,13.5,,Southampton,Yes
male,57,0,2,12.35,,Queenstown,No
male,,0,2,0,,Southampton,No
male,31,0,2,10.5,,Southampton,No
female,26,2,2,26,,Southampton,No
male,30,2,2,26,,Southampton,No
male,,0,2,10.7083,,Queenstown,No
female,1,3,2,41.5792,,Cherbourg,Yes
female,3,3,2,41.5792,,Cherbourg,Yes
male,25,3,2,41.5792,,Cherbourg,No
female,22,3,2,41.5792,,Cherbourg,Yes
female,17,0,2,12,,Cherbourg,Yes
female,,0,2,33,,Southampton,Yes
female,34,0,2,10.5,F33,Southampton,Yes
male,36,0,2,12.875,D,Cherbourg,No
male,24,0,2,10.5,,Southampton,No
male,61,0,2,12.35,,Queenstown,No
male,50,1,2,26,,Southampton,No
female,42,1,2,26,,Southampton,Yes
female,57,0,2,10.5,E77,Southampton,No
male,,0,2,15.0458,D,Cherbourg,No
male,1,2,2,37.0042,,Cherbourg,Yes
male,31,2,2,37.0042,,Cherbourg,No
female,24,2,2,37.0042,,Cherbourg,Yes
male,,0,2,15.5792,,Cherbourg,No
male,30,0,2,13,,Southampton,No
male,40,0,2,16,,Southampton,No
male,32,0,2,13.5,,Southampton,No
male,30,0,2,13,,Southampton,No
male,46,0,2,26,,Southampton,No
female,13,1,2,19.5,,Southampton,Yes
female,41,1,2,19.5,,Southampton,Yes
male,19,0,2,10.5,,Southampton,Yes
male,39,0,2,13,,Southampton,No
male,48,0,2,13,,Southampton,No
male,70,0,2,10.5,,Southampton,No
male,27,0,2,13,,Southampton,No
male,54,0,2,14,,Southampton,No
male,39,0,2,26,,Southampton,No
male,16,0,2,10.5,,Southampton,No
male,62,0,2,9.6875,,Queenstown,No
male,32.5,1,2,30.0708,,Cherbourg,No
female,14,1,2,30.0708,,Cherbourg,Yes
male,2,2,2,26,F2,Southampton,Yes
male,3,2,2,26,F2,Southampton,Yes
male,36.5,2,2,26,F2,Southampton,No
male,26,0,2,13,F2,Southampton,No
male,19,2,2,36.75,,Southampton,No
male,28,0,2,13.5,,Southampton,No
male,20,0,2,13.8625,D38,Cherbourg,Yes
female,29,0,2,10.5,F33,Southampton,Yes
male,39,0,2,13,,Southampton,No
male,22,0,2,10.5,,Southampton,Yes
male,,0,2,13.8625,,Cherbourg,Yes
male,23,0,2,10.5,,Southampton,No
male,29,0,2,13.8583,,Cherbourg,Yes
male,28,0,2,10.5,,Southampton,No
male,,0,2,0,,Southampton,No
female,50,1,2,26,,Southampton,Yes
male,19,0,2,10.5,,Southampton,No
male,,0,2,15.05,,Cherbourg,No
male,41,0,2,13,,Southampton,No
female,21,1,2,21,,Southampton,Yes
female,19,0,2,26,,Southampton,Yes
male,43,1,2,21,,Southampton,No
female,32,0,2,13,,Southampton,Yes
male,34,0,2,13,,Southampton,No
male,30,0,2,12.7375,,Cherbourg,Yes
male,27,0,2,15.0333,,Cherbourg,No
female,2,2,2,26,,Southampton,Yes
female,8,2,2,26,,Southampton,Yes
female,33,2,2,26,,Southampton,Yes
male,36,0,2,10.5,,Southampton,No
male,34,1,2,21,,Southampton,No
female,30,3,2,21,,Southampton,Yes
female,28,0,2,13,,Southampton,Yes
male,23,0,2,15.0458,,Cherbourg,No
male,0.8333,2,2,18.75,,Southampton,Yes
male,3,2,2,18.75,,Southampton,Yes
female,24,5,2,18.75,,Southampton,Yes
female,50,0,2,10.5,,Southampton,Yes
male,19,0,2,10.5,,Southampton,No
female,21,0,2,10.5,,Southampton,Yes
male,26,0,2,13,,Southampton,No
male,25,0,2,13,,Southampton,No
male,27,0,2,26,,Southampton,No
female,25,1,2,26,,Southampton,Yes
female,18,2,2,13,,Southampton,Yes
female,20,0,2,36.75,,Southampton,Yes
female,30,0,2,13,,Southampton,Yes
male,59,0,2,13.5,,Southampton,No
female,30,0,2,12.35,,Queenstown,Yes
male,35,0,2,10.5,,Southampton,No
female,40,0,2,13,,Southampton,Yes
male,25,0,2,13,,Southampton,No
male,41,0,2,15.0458,,Cherbourg,No
male,25,0,2,10.5,,Southampton,No
male,18.5,0,2,13,F,Southampton,No
male,14,0,2,65,,Southampton,No
female,50,0,2,10.5,,Southampton,Yes
male,23,0,2,13,,Southampton,No
female,28,0,2,12.65,,Southampton,Yes
female,27,0,2,10.5,E101,Southampton,Yes
male,29,1,2,21,,Southampton,No
female,27,1,2,21,,Southampton,No
male,40,0,2,13,,Southampton,No
female,31,0,2,21,,Southampton,Yes
male,30,1,2,21,,Southampton,No
male,23,1,2,10.5,,Southampton,No
female,31,0,2,21,,Southampton,Yes
male,,0,2,0,,Southampton,No
female,12,0,2,15.75,,Southampton,Yes
female,40,0,2,15.75,,Southampton,Yes
female,32.5,0,2,13,E101,Southampton,Yes
male,27,1,2,26,,Southampton,No
female,29,1,2,26,,Southampton,Yes
male,2,2,2,23,,Southampton,Yes
female,4,2,2,23,,Southampton,Yes
female,29,2,2,23,,Southampton,Yes
female,0.9167,3,2,27.75,,Southampton,Yes
female,5,3,2,27.75,,Southampton,Yes
male,36,3,2,27.75,,Southampton,No
female,33,3,2,27.75,,Southampton,Yes
male,66,0,2,10.5,,Southampton,No
male,,0,2,12.875,,Southampton,No
male,31,0,2,13,,Southampton,Yes
male,,0,2,13,,Southampton,Yes
female,26,0,2,13.5,,Southampton,Yes
female,24,0,2,13,,Southampton,No
male,42,0,3,7.55,,Southampton,No
male,13,2,3,20.25,,Southampton,No
male,16,2,3,20.25,,Southampton,No
female,35,2,3,20.25,,Southampton,Yes
female,16,0,3,7.65,,Southampton,Yes
male,25,0,3,7.65,F G63,Southampton,Yes
male,20,0,3,7.925,,Southampton,Yes
female,18,0,3,7.2292,,Cherbourg,Yes
male,30,0,3,7.25,,Southampton,No
male,26,0,3,8.05,,Southampton,No
female,40,1,3,9.475,,Southampton,No
male,0.8333,1,3,9.35,,Southampton,Yes
female,18,1,3,9.35,,Southampton,Yes
male,26,0,3,18.7875,,Cherbourg,Yes
male,26,0,3,7.8875,,Southampton,No
male,20,0,3,7.925,,Southampton,No
male,24,0,3,7.05,,Southampton,No
male,25,0,3,7.05,,Southampton,No
male,35,0,3,8.05,,Southampton,No
male,18,0,3,8.3,,Southampton,No
male,32,0,3,22.525,,Southampton,No
female,19,1,3,7.8542,,Southampton,Yes
male,4,6,3,31.275,,Southampton,No
female,6,6,3,31.275,,Southampton,No
female,2,6,3,31.275,,Southampton,No
female,17,6,3,7.925,,Southampton,Yes
female,38,6,3,7.775,,Southampton,No
female,9,6,3,31.275,,Southampton,No
female,11,6,3,31.275,,Southampton,No
male,39,6,3,31.275,,Southampton,No
male,27,0,3,7.7958,,Southampton,Yes
male,26,0,3,7.775,,Southampton,No
female,39,6,3,31.275,,Southampton,No
male,20,0,3,7.8542,,Southampton,No
male,26,0,3,7.8958,,Southampton,No
male,25,1,3,17.8,,Southampton,No
female,18,1,3,17.8,,Southampton,No
male,24,0,3,7.775,,Southampton,No
male,35,0,3,7.05,,Southampton,No
male,5,6,3,31.3875,,Southampton,No
male,9,6,3,31.3875,,Southampton,No
male,3,6,3,31.3875,,Southampton,Yes
male,13,6,3,31.3875,,Southampton,No
female,5,6,3,31.3875,,Southampton,Yes
male,40,6,3,31.3875,,Southampton,No
male,23,0,3,7.7958,,Southampton,Yes
female,38,6,3,31.3875,,Southampton,Yes
female,45,0,3,7.225,,Cherbourg,Yes
male,21,0,3,7.225,,Cherbourg,No
male,23,0,3,7.05,,Southampton,No
female,17,0,3,14.4583,,Cherbourg,No
male,30,0,3,7.225,,Cherbourg,No
male,23,0,3,7.8542,,Southampton,No
female,13,0,3,7.2292,,Cherbourg,Yes
male,20,0,3,7.225,,Cherbourg,No
male,32,1,3,15.85,,Southampton,No
female,33,3,3,15.85,,Southampton,Yes
female,0.75,3,3,19.2583,,Cherbourg,Yes
female,0.75,3,3,19.2583,,Cherbourg,Yes
female,5,3,3,19.2583,,Cherbourg,Yes
female,24,3,3,19.2583,,Cherbourg,Yes
female,18,0,3,8.05,,Southampton,Yes
male,40,0,3,7.225,,Cherbourg,No
male,26,0,3,7.8958,,Southampton,No
male,20,0,3,7.2292,,Cherbourg,Yes
female,18,1,3,14.4542,,Cherbourg,No
female,45,1,3,14.4542,,Cherbourg,No
female,27,0,3,7.8792,,Queenstown,No
male,22,0,3,8.05,,Southampton,No
male,19,0,3,8.05,,Southampton,No
male,26,0,3,7.775,,Southampton,No
male,22,0,3,9.35,,Southampton,No
male,,0,3,7.2292,,Cherbourg,No
male,20,0,3,4.0125,,Cherbourg,No
male,32,0,3,56.4958,,Southampton,Yes
male,21,0,3,7.775,,Southampton,No
male,18,0,3,7.75,,Southampton,No
male,26,0,3,7.8958,,Southampton,No
male,6,2,3,15.2458,,Cherbourg,No
female,9,2,3,15.2458,,Cherbourg,No
male,,0,3,7.225,,Cherbourg,No
female,,2,3,15.2458,,Cherbourg,No
female,,2,3,7.75,,Queenstown,No
male,40,2,3,15.5,,Queenstown,No
female,32,2,3,15.5,,Queenstown,No
male,21,0,3,16.1,,Southampton,No
female,22,0,3,7.725,,Queenstown,Yes
female,20,0,3,7.8542,,Southampton,No
male,29,1,3,7.0458,,Southampton,No
male,22,1,3,7.25,,Southampton,No
male,22,0,3,7.7958,,Southampton,No
male,35,0,3,8.05,,Southampton,No
female,18.5,0,3,7.2833,,Queenstown,No
male,21,0,3,7.8208,,Queenstown,Yes
male,19,0,3,6.75,,Queenstown,No
female,18,0,3,7.8792,,Queenstown,No
female,21,0,3,8.6625,,Southampton,No
female,30,0,3,8.6625,,Southampton,No
male,18,0,3,8.6625,,Southampton,No
male,38,0,3,8.6625,,Southampton,No
male,17,0,3,8.6625,,Southampton,No
male,17,0,3,8.6625,,Southampton,No
female,21,0,3,7.75,,Queenstown,No
male,21,0,3,7.75,,Queenstown,No
male,21,0,3,8.05,,Southampton,No
male,,1,3,14.4583,,Cherbourg,No
female,,1,3,14.4583,,Cherbourg,No
male,28,0,3,7.7958,,Southampton,No
male,24,0,3,7.8542,,Southampton,No
female,16,0,3,7.75,,Queenstown,Yes
female,37,0,3,7.75,,Queenstown,No
male,28,0,3,7.25,,Southampton,No
male,24,0,3,8.05,,Southampton,No
male,21,0,3,7.7333,,Queenstown,No
male,32,0,3,56.4958,,Southampton,Yes
male,29,0,3,8.05,,Southampton,No
male,26,1,3,14.4542,,Cherbourg,No
male,18,1,3,14.4542,,Cherbourg,No
male,20,0,3,7.05,,Southampton,No
male,18,0,3,8.05,,Southampton,Yes
male,24,0,3,7.25,,Queenstown,No
male,36,0,3,7.4958,,Southampton,No
male,24,0,3,7.4958,,Southampton,No
male,31,0,3,7.7333,,Queenstown,No
male,31,0,3,7.75,,Queenstown,No
female,22,0,3,7.75,,Queenstown,Yes
female,30,0,3,7.6292,,Queenstown,No
male,70.5,0,3,7.75,,Queenstown,No
male,43,0,3,8.05,,Southampton,No
male,35,0,3,7.8958,,Southampton,No
male,27,0,3,7.8958,,Southampton,No
male,19,0,3,7.8958,,Southampton,No
male,30,0,3,8.05,,Southampton,No
male,9,2,3,15.9,,Southampton,Yes
male,3,2,3,15.9,,Southampton,Yes
female,36,2,3,15.9,,Southampton,Yes
male,59,0,3,7.25,,Southampton,No
male,19,0,3,8.1583,,Southampton,No
female,17,1,3,16.1,,Southampton,Yes
male,44,1,3,16.1,,Southampton,No
male,17,0,3,8.6625,,Southampton,No
male,22.5,0,3,7.225,,Cherbourg,No
male,45,0,3,8.05,,Southampton,Yes
female,22,0,3,10.5167,,Southampton,No
male,19,0,3,10.1708,,Southampton,No
female,30,0,3,6.95,,Queenstown,Yes
male,29,0,3,7.75,,Queenstown,Yes
male,0.3333,2,3,14.4,,Southampton,No
male,34,2,3,14.4,,Southampton,No
female,28,2,3,14.4,,Southampton,No
male,27,0,3,7.8958,,Southampton,No
male,25,0,3,7.8958,,Southampton,No
male,24,2,3,24.15,,Southampton,No
male,22,0,3,8.05,,Southampton,No
male,21,2,3,24.15,,Southampton,No
male,17,2,3,8.05,,Southampton,No
male,,1,3,16.1,,Southampton,No
female,,1,3,16.1,,Southampton,Yes
male,36.5,1,3,17.4,,Southampton,Yes
female,36,1,3,17.4,,Southampton,Yes
male,30,0,3,9.5,,Southampton,Yes
male,16,0,3,9.5,,Southampton,No
male,1,3,3,20.575,,Southampton,Yes
female,0.1667,3,3,20.575,,Southampton,Yes
male,26,3,3,20.575,,Southampton,No
female,33,3,3,20.575,,Southampton,Yes
male,25,0,3,7.8958,,Southampton,No
male,,0,3,7.8958,,Southampton,No
male,,0,3,7.8958,,Southampton,No
male,22,0,3,7.25,,Southampton,No
male,36,0,3,7.25,,Southampton,No
female,19,0,3,7.8792,,Queenstown,Yes
male,17,0,3,7.8958,,Southampton,No
male,42,0,3,8.6625,,Southampton,No
male,43,0,3,7.8958,,Southampton,No
male,,0,3,7.2292,,Cherbourg,No
male,32,0,3,7.75,,Queenstown,No
male,19,0,3,8.05,,Southampton,Yes
female,30,0,3,12.475,,Southampton,Yes
female,24,0,3,7.75,,Queenstown,No
female,23,0,3,8.05,,Southampton,Yes
male,33,0,3,7.8958,,Cherbourg,No
male,65,0,3,7.75,,Queenstown,No
male,24,0,3,7.55,,Southampton,Yes
male,23,1,3,13.9,,Southampton,No
female,22,1,3,13.9,,Southampton,Yes
male,18,0,3,7.775,,Southampton,No
male,16,0,3,7.775,,Southampton,No
male,45,0,3,6.975,,Southampton,No
male,,0,3,7.225,,Cherbourg,No
male,39,2,3,7.2292,,Cherbourg,No
male,17,2,3,7.2292,,Cherbourg,No
male,15,2,3,7.2292,,Cherbourg,No
male,47,0,3,7.25,,Southampton,No
female,5,0,3,12.475,,Southampton,Yes
male,,0,3,7.225,,Cherbourg,No
male,40.5,0,3,15.1,,Southampton,No
male,40.5,0,3,7.75,,Queenstown,No
male,,0,3,7.05,,Southampton,Yes
male,18,0,3,7.7958,,Southampton,No
female,,0,3,7.75,,Queenstown,No
male,,0,3,7.75,,Queenstown,No
male,,0,3,6.95,,Queenstown,No
male,26,0,3,7.8792,,Queenstown,No
male,,0,3,7.75,,Queenstown,No
male,,0,3,56.4958,,Southampton,Yes
female,21,4,3,34.375,,Southampton,No
female,9,4,3,34.375,,Southampton,No
male,,0,3,8.05,,Southampton,No
male,18,4,3,34.375,,Southampton,No
male,16,4,3,34.375,,Southampton,No
female,48,4,3,34.375,,Southampton,No
male,,0,3,7.75,,Queenstown,No
male,,0,3,7.25,,Southampton,No
male,25,0,3,7.7417,,Queenstown,No
male,,0,3,14.5,,Southampton,No
male,,0,3,7.8958,,Cherbourg,No
male,22,0,3,8.05,,Southampton,No
female,16,0,3,7.7333,,Queenstown,Yes
female,,0,3,7.75,,Queenstown,Yes
male,9,2,3,20.525,,Southampton,Yes
male,33,2,3,20.525,,Southampton,No
male,41,0,3,7.85,,Southampton,No
female,31,2,3,20.525,,Southampton,Yes
male,38,0,3,7.05,,Southampton,No
male,9,7,3,46.9,,Southampton,No
male,1,7,3,46.9,,Southampton,No
male,11,7,3,46.9,,Southampton,No
female,10,7,3,46.9,,Southampton,No
female,16,7,3,46.9,,Southampton,No
male,14,7,3,46.9,,Southampton,No
male,40,7,3,46.9,,Southampton,No
female,43,7,3,46.9,,Southampton,No
male,51,0,3,8.05,,Southampton,No
male,32,0,3,8.3625,,Southampton,No
male,,0,3,8.05,,Southampton,No
male,20,0,3,9.8458,,Southampton,No
male,37,2,3,7.925,,Southampton,No
male,28,2,3,7.925,,Southampton,No
male,19,0,3,7.775,,Southampton,No
female,24,0,3,8.85,,Southampton,No
female,17,0,3,7.7333,,Queenstown,No
male,,1,3,19.9667,,Southampton,No
male,,1,3,19.9667,,Southampton,No
male,28,1,3,15.85,,Southampton,No
female,24,1,3,15.85,,Southampton,Yes
male,20,0,3,9.5,,Southampton,No
male,23.5,0,3,7.2292,,Cherbourg,No
male,41,2,3,14.1083,,Southampton,No
male,26,1,3,7.8542,,Southampton,No
male,21,0,3,7.8542,,Southampton,No
female,45,1,3,14.1083,,Southampton,Yes
female,,0,3,7.55,,Southampton,No
male,25,0,3,7.25,,Southampton,No
male,,0,3,6.8583,,Queenstown,No
male,11,0,3,18.7875,,Cherbourg,No
female,,0,3,7.75,,Queenstown,Yes
male,27,0,3,6.975,,Southampton,Yes
male,,0,3,56.4958,,Southampton,Yes
female,18,0,3,6.75,,Queenstown,No
female,26,0,3,7.925,,Southampton,Yes
female,23,0,3,7.925,,Southampton,No
female,22,0,3,8.9625,,Southampton,Yes
male,28,0,3,7.8958,,Southampton,No
female,28,0,3,7.775,,Southampton,No
female,,0,3,7.75,,Queenstown,No
female,2,1,3,12.2875,,Southampton,Yes
female,22,2,3,12.2875,,Southampton,Yes
male,43,0,3,6.45,,Southampton,No
male,28,0,3,22.525,,Southampton,No
female,27,0,3,7.925,,Southampton,Yes
male,,0,3,7.75,,Queenstown,No
female,,0,3,8.05,,Southampton,Yes
male,42,0,3,7.65,F G63,Southampton,No
male,,0,3,7.8875,,Southampton,Yes
male,30,0,3,7.2292,,Cherbourg,No
male,,0,3,7.8958,,Southampton,No
female,27,1,3,7.925,,Southampton,No
female,25,1,3,7.925,,Southampton,No
male,,0,3,7.8958,,Southampton,No
male,29,0,3,7.8958,,Cherbourg,Yes
male,21,0,3,7.7958,,Southampton,Yes
male,,0,3,7.05,,Southampton,No
male,20,0,3,7.8542,,Southampton,No
male,48,0,3,7.8542,,Southampton,No
male,17,1,3,7.0542,,Southampton,No
female,,0,3,7.75,,Queenstown,Yes
male,,0,3,8.1125,,Southampton,Yes
male,34,0,3,6.4958,,Southampton,No
male,26,0,3,7.775,,Southampton,Yes
male,22,0,3,7.7958,,Southampton,No
male,33,0,3,8.6542,,Southampton,No
male,31,0,3,7.775,,Southampton,No
male,29,0,3,7.8542,,Southampton,No
male,4,2,3,11.1333,,Southampton,Yes
female,1,2,3,11.1333,,Southampton,Yes
male,49,0,3,0,,Southampton,No
male,33,0,3,7.775,,Southampton,No
male,19,0,3,0,,Southampton,No
female,27,2,3,11.1333,,Southampton,Yes
male,,3,3,23.45,,Southampton,No
female,,3,3,23.45,,Southampton,No
male,,3,3,23.45,,Southampton,No
female,,3,3,23.45,,Southampton,No
male,23,0,3,7.8958,,Southampton,No
male,32,0,3,7.8542,,Southampton,Yes
male,27,0,3,7.8542,,Southampton,No
female,20,1,3,9.825,,Southampton,No
female,21,1,3,9.825,,Southampton,No
male,32,0,3,7.925,,Southampton,Yes
male,17,0,3,7.125,,Southampton,No
male,21,0,3,8.4333,,Southampton,No
male,30,0,3,7.8958,,Southampton,No
male,21,0,3,7.7958,,Southampton,Yes
male,33,0,3,7.8542,,Southampton,No
male,22,0,3,7.5208,,Southampton,No
female,4,1,3,13.4167,,Cherbourg,Yes
male,39,1,3,13.4167,,Cherbourg,Yes
male,,0,3,7.2292,,Cherbourg,No
male,18.5,0,3,7.2292,,Cherbourg,No
male,,0,3,7.75,,Queenstown,No
male,,0,3,7.25,,Southampton,No
female,,0,3,7.75,,Queenstown,Yes
female,,0,3,7.75,,Queenstown,Yes
male,34.5,0,3,7.8292,,Queenstown,No
male,44,0,3,8.05,,Southampton,No
male,,0,3,7.75,,Queenstown,Yes
male,,1,3,14.4542,,Cherbourg,No
female,,1,3,14.4542,,Cherbourg,No
male,,1,3,7.75,,Queenstown,No
male,,1,3,7.75,,Queenstown,No
male,,0,3,7.7375,,Queenstown,No
female,22,2,3,8.6625,,Southampton,No
male,26,2,3,8.6625,,Southampton,No
female,4,2,3,22.025,,Southampton,Yes
male,29,4,3,22.025,,Southampton,Yes
female,26,2,3,22.025,,Southampton,Yes
female,1,2,3,12.1833,,Southampton,No
male,18,2,3,7.8542,,Southampton,No
female,36,2,3,12.1833,,Southampton,No
male,,0,3,7.8958,,Cherbourg,No
male,25,0,3,7.2292,F E57,Cherbourg,Yes
male,,0,3,7.225,,Cherbourg,No
female,37,0,3,9.5875,,Southampton,No
male,,0,3,7.8958,,Southampton,No
male,,0,3,56.4958,,Southampton,Yes
male,,0,3,56.4958,,Southampton,No
female,22,0,3,7.25,,Southampton,Yes
male,,0,3,7.75,,Queenstown,No
male,26,0,3,56.4958,,Southampton,Yes
male,29,0,3,9.4833,,Southampton,No
male,29,0,3,7.775,,Southampton,No
male,22,0,3,7.775,,Southampton,No
male,22,0,3,7.225,,Cherbourg,Yes
male,,4,3,25.4667,,Southampton,No
female,,4,3,25.4667,,Southampton,No
female,,4,3,25.4667,,Southampton,No
female,,4,3,25.4667,,Southampton,No
female,,4,3,25.4667,,Southampton,No
male,32,0,3,7.925,,Southampton,No
male,34.5,0,3,6.4375,,Cherbourg,No
female,,1,3,15.5,,Queenstown,No
male,,1,3,15.5,,Queenstown,No
male,36,0,3,0,,Southampton,No
male,39,0,3,24.15,,Southampton,No
male,24,0,3,9.5,,Southampton,No
female,25,0,3,7.775,,Southampton,No
female,45,0,3,7.75,,Southampton,No
male,36,1,3,15.55,,Southampton,No
female,30,1,3,15.55,,Southampton,No
male,20,1,3,7.925,,Southampton,Yes
male,,0,3,7.8792,,Queenstown,No
male,28,0,3,56.4958,,Southampton,No
male,,0,3,7.55,,Southampton,No
male,30,1,3,16.1,,Southampton,No
female,26,1,3,16.1,,Southampton,No
male,,0,3,7.8792,,Southampton,No
male,20.5,0,3,7.25,,Southampton,No
male,27,0,3,8.6625,,Southampton,Yes
male,51,0,3,7.0542,,Southampton,No
female,23,0,3,7.8542,,Southampton,Yes
male,32,0,3,7.5792,,Southampton,Yes
male,,0,3,7.8958,,Southampton,No
male,,0,3,7.55,,Southampton,No
female,,0,3,7.75,,Queenstown,Yes
male,24,0,3,7.1417,,Southampton,Yes
male,22,0,3,7.125,,Southampton,No
female,,0,3,7.8792,,Queenstown,No
male,,0,3,7.75,,Queenstown,No
male,,0,3,8.05,,Southampton,No
male,29,0,3,7.925,,Southampton,No
male,,0,3,7.2292,,Cherbourg,Yes
female,30.5,0,3,7.75,,Queenstown,No
female,,0,3,7.7375,,Queenstown,Yes
male,,0,3,7.2292,F E46,Cherbourg,No
male,35,0,3,7.8958,,Cherbourg,No
male,33,0,3,7.8958,,Southampton,No
female,,0,3,7.225,,Cherbourg,Yes
male,,0,3,7.8958,,Cherbourg,No
female,,0,3,7.75,,Queenstown,Yes
male,,0,3,7.75,,Queenstown,Yes
female,,2,3,23.25,,Queenstown,Yes
female,,2,3,23.25,,Queenstown,Yes
male,,2,3,23.25,,Queenstown,Yes
female,,0,3,7.7875,,Queenstown,Yes
male,,0,3,15.5,,Queenstown,No
female,,0,3,7.8792,,Queenstown,Yes
female,15,0,3,8.0292,,Queenstown,Yes
female,35,0,3,7.75,,Queenstown,No
male,,0,3,7.75,,Queenstown,No
male,24,1,3,16.1,,Southampton,No
female,19,1,3,16.1,,Southampton,No
female,,0,3,7.75,,Queenstown,No
female,,0,3,8.05,,Southampton,No
female,,0,3,8.05,,Southampton,No
male,55.5,0,3,8.05,,Southampton,No
male,,0,3,7.75,,Queenstown,No
male,21,0,3,7.775,,Southampton,Yes
male,,0,3,8.05,,Southampton,No
male,24,0,3,7.8958,,Southampton,No
male,21,0,3,7.8958,,Southampton,No
male,28,0,3,7.8958,,Southampton,No
male,,0,3,7.8958,,Southampton,No
female,,0,3,7.8792,,Queenstown,Yes
male,25,0,3,7.65,F G73,Southampton,No
male,6,1,3,12.475,E121,Southampton,Yes
female,27,1,3,12.475,E121,Southampton,Yes
male,,0,3,8.05,,Southampton,No
female,,1,3,24.15,,Queenstown,Yes
male,,1,3,24.15,,Queenstown,No
male,,0,3,8.4583,,Queenstown,No
male,34,0,3,8.05,,Southampton,No
male,,0,3,7.75,,Queenstown,No
male,,0,3,7.775,,Southampton,Yes
male,,2,3,15.2458,,Cherbourg,Yes
male,,2,3,15.2458,,Cherbourg,Yes
female,,2,3,15.2458,,Cherbourg,Yes
female,,0,3,7.2292,,Cherbourg,Yes
male,,0,3,8.05,,Southampton,No
female,,0,3,7.7333,,Queenstown,Yes
female,24,0,3,7.75,,Queenstown,Yes
male,,0,3,8.05,,Southampton,No
female,,1,3,15.5,,Queenstown,Yes
female,,1,3,15.5,,Queenstown,Yes
female,,0,3,15.5,,Queenstown,Yes
male,18,0,3,7.75,,Southampton,No
male,22,0,3,7.8958,,Southampton,No
female,15,0,3,7.225,,Cherbourg,Yes
female,1,2,3,15.7417,,Cherbourg,Yes
male,20,2,3,15.7417,,Cherbourg,Yes
female,19,2,3,15.7417,,Cherbourg,Yes
male,33,0,3,8.05,,Southampton,No
male,,0,3,7.8958,,Southampton,No
male,,0,3,7.2292,,Cherbourg,No
female,,0,3,7.75,,Queenstown,No
male,,0,3,7.8958,,Southampton,No
male,12,1,3,11.2417,,Cherbourg,Yes
female,14,1,3,11.2417,,Cherbourg,Yes
female,29,0,3,7.925,,Southampton,No
male,28,0,3,8.05,,Southampton,No
female,18,0,3,7.775,,Southampton,Yes
female,26,0,3,7.8542,,Southampton,Yes
male,21,0,3,7.8542,,Southampton,No
male,41,0,3,7.125,,Southampton,No
male,39,0,3,7.925,,Southampton,Yes
male,21,0,3,7.8,,Southampton,No
male,28.5,0,3,7.2292,,Cherbourg,No
female,22,0,3,7.75,,Southampton,Yes
male,61,0,3,6.2375,,Southampton,No
male,,1,3,15.5,,Queenstown,No
male,,0,3,7.8292,,Queenstown,No
female,,1,3,15.5,,Queenstown,Yes
male,,0,3,7.7333,,Queenstown,No
male,,0,3,7.75,,Queenstown,No
male,,0,3,7.75,,Queenstown,No
male,23,0,3,9.225,,Southampton,No
female,,0,3,7.75,,Queenstown,No
female,,0,3,7.75,,Queenstown,Yes
female,,0,3,7.8792,,Queenstown,Yes
female,22,0,3,7.775,,Southampton,Yes
male,,0,3,7.75,,Queenstown,Yes
female,,0,3,7.8292,,Queenstown,Yes
male,9,1,3,3.1708,,Southampton,Yes
male,28,0,3,22.525,,Southampton,No
male,42,1,3,8.4042,,Southampton,No
male,,0,3,7.3125,,Southampton,No
female,31,0,3,7.8542,,Southampton,No
male,28,0,3,7.8542,,Southampton,No
male,32,0,3,7.775,,Southampton,Yes
male,20,0,3,9.225,,Southampton,No
female,23,0,3,8.6625,,Southampton,No
female,20,0,3,8.6625,,Southampton,No
male,20,0,3,8.6625,,Southampton,No
male,16,0,3,9.2167,,Southampton,No
female,31,0,3,8.6833,,Southampton,Yes
female,,0,3,7.6292,,Queenstown,No
male,2,4,3,21.075,,Southampton,No
male,6,4,3,21.075,,Southampton,No
female,3,4,3,21.075,,Southampton,No
female,8,4,3,21.075,,Southampton,No
female,29,4,3,21.075,,Southampton,No
male,1,5,3,39.6875,,Southampton,No
male,7,5,3,39.6875,,Southampton,No
male,2,5,3,39.6875,,Southampton,No
male,16,5,3,39.6875,,Southampton,No
male,14,5,3,39.6875,,Southampton,No
female,41,5,3,39.6875,,Southampton,No
male,21,0,3,8.6625,,Southampton,No
male,19,0,3,14.5,,Southampton,No
male,,0,3,8.7125,,Cherbourg,No
male,32,0,3,7.8958,,Southampton,No
male,0.75,2,3,13.775,,Southampton,No
female,3,2,3,13.775,,Southampton,No
female,26,2,3,13.775,,Southampton,No
male,,0,3,7,,Southampton,No
male,,0,3,7.775,,Southampton,No
male,,0,3,8.05,,Southampton,No
male,21,0,3,7.925,,Southampton,No
male,25,0,3,7.925,,Southampton,No
male,22,0,3,7.25,,Southampton,No
male,25,1,3,7.775,,Southampton,Yes
male,,2,3,22.3583,,Cherbourg,Yes
female,,2,3,22.3583,F E69,Cherbourg,Yes
female,,2,3,22.3583,,Cherbourg,Yes
female,,0,3,8.1375,,Queenstown,No
male,24,0,3,8.05,,Southampton,No
female,28,0,3,7.8958,,Southampton,No
male,19,0,3,7.8958,,Southampton,No
male,,0,3,7.8958,,Southampton,No
male,25,1,3,7.775,,Southampton,No
female,18,0,3,7.775,,Southampton,No
male,32,0,3,8.05,E10,Southampton,Yes
male,,0,3,7.8958,,Southampton,No
male,17,0,3,8.6625,,Southampton,No
male,24,0,3,8.6625,,Southampton,No
male,,0,3,7.8958,,Southampton,No
female,,0,3,8.1125,,Southampton,No
male,,0,3,7.2292,,Cherbourg,No
male,,0,3,7.25,,Southampton,No
male,38,0,3,7.8958,,Southampton,No
male,21,0,3,8.05,,Southampton,No
male,10,5,3,29.125,,Queenstown,No
male,4,5,3,29.125,,Queenstown,No
male,7,5,3,29.125,,Queenstown,No
male,2,5,3,29.125,,Queenstown,No
male,8,5,3,29.125,,Queenstown,No
female,39,5,3,29.125,,Queenstown,No
female,22,0,3,39.6875,,Southampton,No
male,35,0,3,7.125,,Southampton,No
female,,0,3,7.7208,,Queenstown,Yes
male,,0,3,14.5,,Southampton,No
female,,0,3,14.5,,Southampton,No
male,50,1,3,14.5,,Southampton,No
female,47,1,3,14.5,,Southampton,No
male,,0,3,8.05,,Southampton,No
male,,0,3,7.775,,Southampton,No
female,2,2,3,20.2125,,Southampton,No
male,18,2,3,20.2125,,Southampton,No
female,41,2,3,20.2125,,Southampton,No
female,,0,3,8.05,,Southampton,Yes
male,50,0,3,8.05,,Southampton,No
male,16,0,3,8.05,,Southampton,No
male,,0,3,7.75,,Queenstown,Yes
male,,0,3,24.15,,Queenstown,No
male,,0,3,7.2292,,Cherbourg,No
male,25,0,3,7.225,,Cherbourg,No
male,,0,3,7.225,,Cherbourg,No
male,,0,3,7.7292,,Queenstown,No
male,,0,3,7.575,,Southampton,No
male,38.5,0,3,7.25,,Southampton,No
male,,10,3,69.55,,Southampton,No
male,14.5,10,3,69.55,,Southampton,No
female,,10,3,69.55,,Southampton,No
female,,10,3,69.55,,Southampton,No
female,,10,3,69.55,,Southampton,No
female,,10,3,69.55,,Southampton,No
male,,10,3,69.55,,Southampton,No
male,,10,3,69.55,,Southampton,No
male,,10,3,69.55,,Southampton,No
male,,10,3,69.55,,Southampton,No
female,,10,3,69.55,,Southampton,No
male,24,0,3,9.325,,Southampton,No
female,21,0,3,7.65,,Southampton,Yes
male,39,0,3,7.925,,Southampton,No
male,,2,3,21.6792,,Cherbourg,No
male,,2,3,21.6792,,Cherbourg,No
male,,2,3,21.6792,,Cherbourg,No
female,1,2,3,16.7,G6,Southampton,Yes
female,24,2,3,16.7,G6,Southampton,Yes
female,4,2,3,16.7,G6,Southampton,Yes
male,25,0,3,9.5,,Southampton,Yes
male,20,0,3,8.05,,Southampton,No
male,24.5,0,3,8.05,,Southampton,No
male,,0,3,7.725,,Queenstown,No
male,,0,3,7.8958,,Southampton,No
male,,0,3,7.75,,Queenstown,No
male,29,0,3,9.5,,Southampton,Yes
male,,0,3,15.1,,Southampton,No
female,,0,3,7.7792,,Queenstown,Yes
male,,0,3,8.05,,Southampton,No
male,,0,3,8.05,,Southampton,No
male,22,0,3,7.2292,,Cherbourg,No
male,,0,3,8.05,,Southampton,No
male,40,0,3,7.8958,,Southampton,No
male,21,0,3,7.925,,Southampton,No
female,18,0,3,7.4958,,Southampton,Yes
male,4,5,3,27.9,,Southampton,No
male,10,5,3,27.9,,Southampton,No
female,9,5,3,27.9,,Southampton,No
female,2,5,3,27.9,,Southampton,No
male,40,5,3,27.9,,Southampton,No
female,45,5,3,27.9,,Southampton,No
male,,0,3,7.8958,,Southampton,No
male,,0,3,8.05,,Southampton,No
male,,0,3,8.6625,,Southampton,No
male,,0,3,7.75,,Queenstown,No
female,,0,3,7.7333,,Queenstown,Yes
male,19,0,3,7.65,F G73,Southampton,No
male,30,0,3,8.05,,Southampton,No
male,,0,3,8.05,,Southampton,No
male,32,0,3,8.05,,Southampton,No
male,,0,3,7.8958,,Southampton,No
male,33,0,3,8.6625,,Cherbourg,No
female,23,0,3,7.55,,Southampton,Yes
male,21,0,3,8.05,,Southampton,No
male,60.5,0,3,,,Southampton,No
male,19,0,3,7.8958,,Southampton,No
female,22,0,3,9.8375,,Southampton,No
male,31,0,3,7.925,,Southampton,Yes
male,27,0,3,8.6625,,Southampton,No
female,2,1,3,10.4625,G6,Southampton,No
female,29,2,3,10.4625,G6,Southampton,No
male,16,0,3,8.05,,Southampton,Yes
male,44,0,3,7.925,,Southampton,Yes
male,25,0,3,7.05,,Southampton,No
male,74,0,3,7.775,,Southampton,No
male,14,0,3,9.225,,Southampton,Yes
male,24,0,3,7.7958,,Southampton,No
male,25,0,3,7.7958,,Southampton,Yes
male,34,0,3,8.05,,Southampton,No
male,0.4167,1,3,8.5167,,Cherbourg,Yes
male,,1,3,6.4375,,Cherbourg,No
male,,0,3,6.4375,,Cherbourg,No
male,,0,3,7.225,,Cherbourg,No
female,16,2,3,8.5167,,Cherbourg,Yes
male,,0,3,8.05,,Southampton,No
male,,1,3,16.1,,Southampton,No
female,,1,3,16.1,,Southampton,Yes
male,32,0,3,7.925,,Southampton,No
male,,0,3,7.75,F38,Queenstown,No
male,,0,3,7.8958,,Southampton,No
male,30.5,0,3,8.05,,Southampton,No
male,44,0,3,8.05,,Southampton,No
male,,0,3,7.2292,,Cherbourg,No
male,25,0,3,0,,Southampton,Yes
male,,0,3,7.2292,,Cherbourg,No
male,7,2,3,15.2458,,Cherbourg,Yes
female,9,2,3,15.2458,,Cherbourg,Yes
female,29,2,3,15.2458,,Cherbourg,Yes
male,36,0,3,7.8958,,Southampton,No
female,18,0,3,9.8417,,Southampton,Yes
female,63,0,3,9.5875,,Southampton,Yes
male,,2,3,14.5,,Southampton,No
male,11.5,2,3,14.5,,Southampton,No
male,40.5,2,3,14.5,,Southampton,No
female,10,2,3,24.15,,Southampton,No
male,36,2,3,24.15,,Southampton,No
female,30,2,3,24.15,,Southampton,No
male,,0,3,9.5,,Southampton,No
male,33,0,3,9.5,,Southampton,No
male,28,0,3,9.5,,Southampton,No
male,28,0,3,9.5,,Southampton,No
male,47,0,3,9,,Southampton,No
female,18,2,3,18,,Southampton,No
male,31,3,3,18,,Southampton,No
male,16,2,3,18,,Southampton,No
female,31,1,3,18,,Southampton,No
male,22,0,3,7.225,,Cherbourg,Yes
male,20,0,3,7.8542,,Southampton,No
female,14,0,3,7.8542,,Southampton,No
male,22,0,3,7.8958,,Southampton,No
male,22,0,3,9,,Southampton,No
male,,0,3,8.05,,Southampton,No
male,,0,3,7.55,,Southampton,No
male,,0,3,8.05,,Southampton,No
male,32.5,0,3,9.5,,Southampton,No
female,38,0,3,7.2292,,Cherbourg,Yes
male,51,0,3,7.75,,Southampton,No
male,18,1,3,6.4958,,Southampton,No
male,21,1,3,6.4958,,Southampton,No
female,47,1,3,7,,Southampton,Yes
male,,0,3,8.7125,,Southampton,No
male,,0,3,7.55,,Southampton,No
male,,0,3,8.05,,Southampton,No
male,28.5,0,3,16.1,,Southampton,No
male,21,0,3,7.25,,Southampton,No
male,27,0,3,8.6625,,Southampton,No
male,,0,3,7.25,,Southampton,No
male,36,0,3,9.5,,Southampton,No
male,27,1,3,14.4542,,Cherbourg,No
female,15,1,3,14.4542,,Cherbourg,Yes
male,45.5,0,3,7.225,,Cherbourg,No
male,,0,3,7.225,,Cherbourg,No
male,,0,3,14.4583,,Cherbourg,No
female,14.5,1,3,14.4542,,Cherbourg,No
female,,1,3,14.4542,,Cherbourg,No
male,26.5,0,3,7.225,,Cherbourg,No
male,27,0,3,7.225,,Cherbourg,No
male,29,0,3,7.875,,Southampton,No
